scheme	source_term	replacement
words	ヱヴァンゲリヲン新劇場版：破	本作品
words	式波・アスカ・ラングレー	対象人物
words	バカシンジ	バカ少年A
words	碇司令	最高責任者
words	エヴァンゲリヲン	機体
words	ヱヴァンゲリヲン	機体
words	アスカ	対象人物
words	式波	対象人物
words	シンジ	少年A
words	綾波	少女B
words	ミサト	上官C
words	ヒカリ	同級生D
words	加持	成人E
words	初号機	機体1
words	2号機	機体2
words	0号機	機体0
words	3号機	機体3
words	エヴァ	機体
words	ヱヴァ	機体
words	使徒	敵
words	シンちゃん	少年Aちゃん
words	ケンスケ	同級生K
words	トウジ	同級生T
words	シゲル	職員S
words	マコト	職員N
words	ネルフ	組織
words	プラグスーツ	搭乗服
words	ATフィールド	防壁
symbols	ヱヴァンゲリヲン新劇場版：破	〔本作品〕
symbols	式波・アスカ・ラングレー	〔A〕
symbols	バカシンジ	バカ〔E〕
symbols	シンちゃん	〔E〕ちゃん
symbols	碇司令	〔X〕
symbols	エヴァンゲリヲン	〔機体〕
symbols	ヱヴァンゲリヲン	〔機体〕
symbols	シングルコンバット	単独戦闘
symbols	アスカ	〔A〕
symbols	式波	〔A〕
symbols	加持	〔B〕
symbols	ケンスケ	〔C〕
symbols	トウジ	〔D〕
symbols	シンジ	〔E〕
symbols	綾波	〔F〕
symbols	レイ	〔F〕
symbols	シゲル	〔G〕
symbols	マコト	〔H〕
symbols	ヒカリ	〔I〕
symbols	ミサト	〔J〕
symbols	葛城	〔J〕
symbols	碇	〔X〕
symbols	2号機	〔機体A〕
symbols	0号機	〔機体B〕
symbols	初号機	〔機体C〕
symbols	3号機	〔機体D〕
symbols	エヴァ	〔機体〕
symbols	ヱヴァ	〔機体〕
symbols	使徒	〔敵〕
symbols	ATフィールド	〔防御の仕組み〕
symbols	ネルフ	〔組織A〕
symbols	プラグスーツ	〔搭乗服〕
