condition	generation	is_final	target_id	scorer	content_rate	style_score	in_main_aggregate
c_inner	0	no	u009	auto	1.0000	1	yes
c_inner	0	no	u010	auto	0.5000	1	yes
c_inner	0	no	u011	auto	1.0000	1	yes
c_inner	0	no	u016	auto	0.5000	1	yes
c_inner	0	no	u017	auto	0.5000	1	no
c_inner	0	no	u019	auto	0.7500	1	yes
c_inner	0	no	u027	auto	0.5000	1	yes
c_inner	0	no	u030	auto	0.5000	1	yes
c_inner	0	no	u047	auto	1.0000	2	yes
c_inner	0	no	u048	auto	0.2500	2	yes
c_inner	0	no	u049	auto	0.0000	1	yes
c_inner	0	no	u050	auto	0.3300	1	yes
c_inner	1	no	u009	auto	0.5000	1	yes
c_inner	1	no	u010	auto	0.7500	2	yes
c_inner	1	no	u011	auto	1.0000	1	yes
c_inner	1	no	u016	auto	0.5000	1	yes
c_inner	1	no	u017	auto	0.5000	1	no
c_inner	1	no	u019	auto	0.7500	1	yes
c_inner	1	no	u027	auto	0.5000	1	yes
c_inner	1	no	u030	auto	0.7500	1	yes
c_inner	1	no	u047	auto	1.0000	2	yes
c_inner	1	no	u048	auto	0.2500	2	yes
c_inner	1	no	u049	auto	0.5000	1	yes
c_inner	1	no	u050	auto	0.3300	1	yes
c_inner	2	no	u009	auto	1.0000	1	yes
c_inner	2	no	u010	auto	0.0000	1	yes
c_inner	2	no	u011	auto	0.5000	1	yes
c_inner	2	no	u016	auto	0.5000	1	yes
c_inner	2	no	u017	auto	0.5000	1	no
c_inner	2	no	u019	auto	0.5000	1	yes
c_inner	2	no	u027	auto	0.5000	1	yes
c_inner	2	no	u030	auto	0.5000	1	yes
c_inner	2	no	u047	auto	1.0000	2	yes
c_inner	2	no	u048	auto	0.2500	1	yes
c_inner	2	no	u049	auto	0.0000	1	yes
c_inner	2	no	u050	auto	0.3300	1	yes
c_inner	3	yes	u009	auto	1.0000	1	yes
c_inner	3	yes	u010	auto	0.7500	1	yes
c_inner	3	yes	u011	auto	0.5000	1	yes
c_inner	3	yes	u016	auto	0.5000	1	yes
c_inner	3	yes	u017	auto	0.0000	1	no
c_inner	3	yes	u019	auto	0.7500	1	yes
c_inner	3	yes	u027	auto	0.5000	1	yes
c_inner	3	yes	u030	auto	0.5000	1	yes
c_inner	3	yes	u047	auto	1.0000	2	yes
c_inner	3	yes	u048	auto	0.2500	1	yes
c_inner	3	yes	u049	auto	0.2500	1	yes
c_inner	3	yes	u050	auto	0.3300	1	yes
c_inner	0	no	u009	human	0.0000	2	yes
c_inner	0	no	u010	human	0.5000	2	yes
c_inner	0	no	u011	human	0.0000	0	yes
c_inner	0	no	u016	human	0.0000	1	yes
c_inner	0	no	u017	human	0.0000	0	no
c_inner	0	no	u019	human	0.5000	1	yes
c_inner	0	no	u027	human	0.0000	1	yes
c_inner	0	no	u030	human	0.5000	1	yes
c_inner	0	no	u047	human	0.0000	1	yes
c_inner	0	no	u048	human	0.2500	1	yes
c_inner	0	no	u049	human	0.0000	1	yes
c_inner	0	no	u050	human	0.0000	1	yes
c_inner	3	yes	u009	human	0.0000	1	yes
c_inner	3	yes	u010	human	0.5000	1	yes
c_inner	3	yes	u011	human	0.0000	0	yes
c_inner	3	yes	u016	human	0.0000	1	yes
c_inner	3	yes	u017	human	0.0000	1	no
c_inner	3	yes	u019	human	0.5000	2	yes
c_inner	3	yes	u027	human	0.0000	1	yes
c_inner	3	yes	u030	human	0.5000	2	yes
c_inner	3	yes	u047	human	1.0000	1	yes
c_inner	3	yes	u048	human	0.2500	2	yes
c_inner	3	yes	u049	human	0.0000	1	yes
c_inner	3	yes	u050	human	0.0000	1	yes
c_style	0	no	u009	auto	1.0000	1	yes
c_style	0	no	u010	auto	0.0000	1	yes
c_style	0	no	u011	auto	1.0000	1	yes
c_style	0	no	u016	auto	0.5000	1	yes
c_style	0	no	u017	auto	0.5000	1	no
c_style	0	no	u019	auto	0.7500	1	yes
c_style	0	no	u027	auto	1.0000	2	yes
c_style	0	no	u030	auto	0.7500	1	yes
c_style	0	no	u047	auto	0.5000	1	yes
c_style	0	no	u048	auto	0.2500	1	yes
c_style	0	no	u049	auto	0.0000	1	yes
c_style	0	no	u050	auto	0.3300	1	yes
c_style	1	no	u009	auto	0.5000	1	yes
c_style	1	no	u010	auto	0.2500	1	yes
c_style	1	no	u011	auto	1.0000	1	yes
c_style	1	no	u016	auto	0.5000	1	yes
c_style	1	no	u017	auto	0.5000	1	no
c_style	1	no	u019	auto	0.7500	1	yes
c_style	1	no	u027	auto	0.5000	1	yes
c_style	1	no	u030	auto	0.7500	1	yes
c_style	1	no	u047	auto	0.5000	1	yes
c_style	1	no	u048	auto	0.3800	1	yes
c_style	1	no	u049	auto	0.5000	1	yes
c_style	1	no	u050	auto	0.1700	1	yes
c_style	2	no	u009	auto	0.5000	1	yes
c_style	2	no	u010	auto	0.5000	1	yes
c_style	2	no	u011	auto	0.5000	1	yes
c_style	2	no	u016	auto	0.0000	1	yes
c_style	2	no	u017	auto	0.5000	1	no
c_style	2	no	u019	auto	0.5000	1	yes
c_style	2	no	u027	auto	0.5000	1	yes
c_style	2	no	u030	auto	0.5000	1	yes
c_style	2	no	u047	auto	1.0000	2	yes
c_style	2	no	u048	auto	0.2500	1	yes
c_style	2	no	u049	auto	0.0000	1	yes
c_style	2	no	u050	auto	0.0000	1	yes
c_style	3	no	u009	auto	0.5000	1	yes
c_style	3	no	u010	auto	0.2500	1	yes
c_style	3	no	u011	auto	0.5000	1	yes
c_style	3	no	u016	auto	0.5000	1	yes
c_style	3	no	u017	auto	0.0000	1	no
c_style	3	no	u019	auto	0.7500	2	yes
c_style	3	no	u027	auto	0.5000	1	yes
c_style	3	no	u030	auto	0.5000	1	yes
c_style	3	no	u047	auto	1.0000	2	yes
c_style	3	no	u048	auto	0.2500	1	yes
c_style	3	no	u049	auto	0.0000	1	yes
c_style	3	no	u050	auto	0.3300	1	yes
c_style	4	yes	u009	auto	1.0000	2	yes
c_style	4	yes	u010	auto	0.5000	1	yes
c_style	4	yes	u011	auto	0.5000	1	yes
c_style	4	yes	u016	auto	0.5000	1	yes
c_style	4	yes	u017	auto	1.0000	1	no
c_style	4	yes	u019	auto	0.5000	2	yes
c_style	4	yes	u027	auto	0.5000	1	yes
c_style	4	yes	u030	auto	0.5000	2	yes
c_style	4	yes	u047	auto	1.0000	2	yes
c_style	4	yes	u048	auto	0.2500	1	yes
c_style	4	yes	u049	auto	0.0000	1	yes
c_style	4	yes	u050	auto	0.3300	1	yes
c_style	0	no	u009	human	0.0000	1	yes
c_style	0	no	u010	human	0.5000	1	yes
c_style	0	no	u011	human	0.0000	2	yes
c_style	0	no	u016	human	0.0000	2	yes
c_style	0	no	u017	human	0.0000	2	no
c_style	0	no	u019	human	0.5000	2	yes
c_style	0	no	u027	human	1.0000	1	yes
c_style	0	no	u030	human	0.5000	1	yes
c_style	0	no	u047	human	0.0000	1	yes
c_style	0	no	u048	human	0.0000	2	yes
c_style	0	no	u049	human	0.0000	1	yes
c_style	0	no	u050	human	0.0000	1	yes
c_style	4	yes	u009	human	1.0000	1	yes
c_style	4	yes	u010	human	0.5000	2	yes
c_style	4	yes	u011	human	0.0000	1	yes
c_style	4	yes	u016	human	0.0000	2	yes
c_style	4	yes	u017	human	0.0000	2	no
c_style	4	yes	u019	human	0.5000	1	yes
c_style	4	yes	u027	human	0.0000	2	yes
c_style	4	yes	u030	human	0.5000	2	yes
c_style	4	yes	u047	human	1.0000	2	yes
c_style	4	yes	u048	human	0.2500	2	yes
c_style	4	yes	u049	human	0.0000	0	yes
c_style	4	yes	u050	human	0.3333	1	yes
